Date,Price,Open,High,Low,Vol.
2020-03-13,39.8,40.18,40.18,39.66,15600.0
2020-03-12,40.2,41.08,41.08,40.2,5800.0
2020-03-11,41.18,41.8,41.8,41.04,2700.0
2020-03-10,41.16,40.5,41.2,40.2,5300.0
2020-03-09,40.8,41.7,41.7,40.8,14400.0
2020-03-06,41.8,41.82,41.82,41.8,800.0
2020-03-05,41.8,41.8,41.8,41.8,
2020-03-04,41.8,41.7,42.48,41.7,3400.0
2020-03-03,41.64,41.8,41.9,41.56,3700.0
2020-03-02,41.8,43.84,43.84,41.7,10500.0
2020-02-28,42.54,43.4,43.4,42.4,10700.0
2020-02-27,43.84,43.88,43.88,43.84,3100.0
2020-02-26,43.88,44.5,44.5,43.02,6300.0
2020-02-25,44.5,43.5,44.5,43.0,4700.0
2020-02-24,44.48,45.72,45.72,43.52,19300.0
2020-02-21,45.78,44.98,46.0,44.98,40300.0
2020-02-20,44.62,44.0,44.68,44.0,17500.0
2020-02-19,43.96,43.7,44.08,43.68,10100.0
2020-02-18,43.36,42.6,43.86,42.6,14600.0
2020-02-17,42.5,41.5,42.52,41.5,8700.0
2020-02-14,41.5,40.5,41.54,40.5,5200.0
2020-02-13,40.5,40.24,40.6,40.24,20400.0
2020-02-12,40.26,40.24,40.3,40.24,16400.0
2020-02-11,40.24,40.2,40.28,40.2,10500.0
2020-02-10,40.2,40.4,40.4,40.16,10600.0
2020-02-07,40.4,40.5,40.64,40.22,10200.0
2020-02-06,41.02,40.4,41.5,40.4,7700.0
2020-02-05,40.3,40.2,40.3,40.16,10300.0
2020-02-04,40.2,40.12,40.24,40.12,11500.0
2020-02-03,40.02,41.0,41.0,40.02,17800.0
2020-01-31,41.0,41.62,41.64,41.0,17800.0
2020-01-30,41.6,41.0,41.6,41.0,12200.0
2020-01-29,41.0,42.0,42.0,40.82,13600.0
2020-01-28,41.1,42.0,42.0,40.0,76600.0
2020-01-24,42.0,43.1,43.1,42.0,11800.0
2020-01-23,43.1,43.7,43.7,43.1,6900.0
2020-01-22,43.7,44.7,44.7,43.7,8000.0
2020-01-21,44.7,44.98,45.0,44.7,4600.0
2020-01-20,45.06,45.1,45.1,44.96,18900.0
2020-01-17,45.1,45.5,45.5,45.1,10000.0
2020-01-16,45.5,46.18,46.2,45.0,34400.0
2020-01-15,46.18,46.4,46.4,46.18,4800.0
2020-01-14,46.64,47.1,47.1,46.36,7800.0
2020-01-13,47.3,47.72,47.72,47.3,4600.0
2020-01-10,47.72,47.9,47.9,47.72,1600.0
2020-01-09,47.8,48.0,48.0,47.8,1100.0
2020-01-08,48.0,49.9,49.9,47.8,5000.0
2020-01-07,49.0,49.1,49.4,49.0,8100.0
2020-01-06,49.1,49.66,49.66,49.1,3300.0
2020-01-03,49.16,49.3,49.3,49.02,5600.0
2020-01-02,49.3,49.02,49.5,49.02,800.0
2019-12-31,49.1,50.2,50.2,49.1,6200.0
2019-12-30,50.0,49.4,50.0,49.4,10200.0
2019-12-27,49.2,48.02,49.4,48.0,7500.0
2019-12-26,48.0,47.1,48.0,47.1,18000.0
2019-12-24,47.28,47.2,47.3,47.0,2800.0
2019-12-23,47.2,47.2,47.2,46.5,22900.0
2019-12-20,47.24,46.48,47.3,46.48,16300.0
2019-12-19,46.48,46.2,46.48,46.0,9400.0
2019-12-18,46.0,47.2,47.2,45.62,40700.0
2019-12-17,47.7,48.9,48.9,47.7,27300.0
2019-12-16,48.98,49.96,49.98,48.98,2400.0
2019-12-13,49.5,50.0,50.0,49.5,3800.0
2019-12-12,49.8,50.0,50.0,49.7,13300.0
2019-12-11,50.0,50.5,50.5,49.94,21800.0
2019-12-10,49.94,50.3,50.5,49.94,15300.0
2019-12-09,50.46,50.68,50.68,50.4,6300.0
2019-12-06,50.3,50.3,50.3,50.28,4600.0
2019-12-05,50.22,50.2,50.5,50.1,28300.0
2019-12-04,50.52,51.0,51.2,50.52,11100.0
2019-12-03,51.0,51.26,51.26,50.92,11900.0
2019-12-02,51.3,55.8,55.8,49.9,75600.0
2019-11-29,55.8,57.06,57.06,55.8,24300.0
2019-11-28,57.08,57.08,57.08,57.08,200.0
2019-11-27,57.08,57.06,57.48,57.06,1400.0
2019-11-25,57.48,57.3,57.58,57.3,2900.0
2019-11-22,57.22,57.28,57.28,57.18,600.0
2019-11-21,57.3,57.7,57.7,57.18,2600.0
2019-11-19,57.72,57.6,57.72,57.2,900.0
2019-11-18,57.6,57.78,57.78,57.6,4200.0
2019-11-15,57.88,57.86,57.88,57.86,3500.0
2019-11-14,58.0,57.56,58.0,57.5,4300.0
2019-11-13,57.54,57.96,57.96,57.54,900.0
2019-11-12,57.92,57.92,57.92,57.92,600.0
2019-11-11,57.92,58.0,58.0,57.86,2900.0
2019-11-08,58.0,58.0,58.0,57.9,3100.0
2019-11-07,58.0,58.0,58.0,58.0,2600.0
2019-11-06,57.9,58.0,58.0,57.9,1500.0
2019-11-05,58.0,58.0,58.02,57.98,3400.0
2019-11-04,57.98,58.04,58.04,57.98,56500.0
2019-11-01,58.02,58.08,58.08,57.9,4700.0
2019-10-31,58.08,58.08,58.12,58.0,6700.0
2019-10-30,58.12,58.06,58.14,58.04,14100.0
2019-10-29,58.0,58.1,58.1,58.0,5300.0
2019-10-25,58.0,58.0,58.0,57.8,1300.0
2019-10-24,58.1,58.06,58.1,58.06,1000.0
2019-10-23,58.12,57.9,58.12,57.9,400.0
2019-10-22,57.9,57.9,57.9,57.9,400.0
2019-10-21,57.8,58.18,58.18,57.8,7200.0
2019-10-17,58.0,58.6,58.6,58.0,1900.0
2019-10-16,58.6,58.6,58.6,58.6,700.0
2019-10-15,58.6,58.8,58.8,57.54,5300.0
2019-10-14,57.78,57.9,57.9,57.78,2400.0
2019-10-09,57.9,57.82,57.9,57.82,1100.0
2019-10-08,58.32,58.32,58.32,58.02,900.0
2019-10-07,58.32,58.4,58.5,58.1,2600.0
2019-10-04,58.4,58.3,58.48,58.3,1200.0
2019-10-03,58.3,59.0,59.0,58.3,1600.0
2019-10-02,59.5,59.68,59.68,59.5,200.0
2019-10-01,60.0,60.0,60.0,60.0,100.0
2019-09-30,60.0,60.0,60.0,60.0,200.0
2019-09-27,60.0,59.72,60.0,59.72,22300.0
2019-09-26,59.58,59.2,59.62,59.18,4700.0
2019-09-25,59.18,58.96,59.18,58.96,4100.0
2019-09-24,58.76,58.54,59.0,58.54,1900.0
2019-09-23,58.54,57.9,58.8,57.9,9600.0
2019-09-20,57.84,57.56,58.1,57.56,8300.0
2019-09-19,57.56,56.7,57.56,56.2,41500.0
2019-09-18,56.7,58.7,58.8,56.68,26200.0
2019-09-17,58.8,60.0,60.0,58.8,7400.0
2019-09-13,60.02,60.2,60.2,60.0,43900.0
2019-09-12,60.6,61.8,61.8,60.0,57600.0
2019-09-11,62.0,62.2,62.2,62.0,1700.0
2019-09-10,62.4,62.7,62.7,62.1,31700.0
2019-09-06,62.7,62.7,62.7,62.7,200.0
2019-09-05,63.1,63.1,63.1,63.1,100.0
2019-09-04,63.1,62.9,63.1,62.9,212800.0
2019-09-03,63.1,63.0,63.1,63.0,14600.0
2019-08-30,63.3,63.3,63.3,63.3,9800.0
2019-08-29,62.96,63.0,63.0,62.9,98200.0
2019-08-28,63.1,63.6,63.6,63.0,89700.0
2019-08-26,63.9,63.9,63.9,63.9,1100.0
2019-08-22,64.3,64.3,64.3,64.3,100.0
2019-08-19,64.28,64.28,64.28,64.28,100.0
2019-08-16,64.1,64.0,64.1,64.0,106200.0
2019-08-15,64.0,63.96,64.0,63.96,10300.0
2019-08-14,64.0,63.6,64.0,63.6,28100.0
2019-08-13,64.1,64.1,64.1,64.1,100.0
2019-08-09,64.1,64.1,64.3,64.1,6900.0
2019-08-07,64.1,64.0,64.12,64.0,15200.0
2019-08-06,64.1,63.2,64.1,63.2,8900.0
2019-08-05,64.1,63.3,64.1,63.0,4000.0
2019-08-02,64.0,64.0,64.0,64.0,6800.0
2019-08-01,64.0,63.38,64.02,63.38,8900.0
2019-07-29,64.0,64.0,64.0,64.0,400.0
2019-07-26,64.0,64.0,64.0,64.0,3600.0
2019-07-25,64.0,64.0,64.02,64.0,15600.0
2019-07-24,64.0,64.2,64.2,63.5,11500.0
2019-07-23,64.0,63.5,64.0,63.5,9000.0
2019-07-22,64.0,64.1,64.1,64.0,600.0
2019-07-19,64.0,64.0,64.0,64.0,21900.0
2019-07-18,64.0,64.48,64.5,64.0,1300.0
2019-07-17,64.0,64.0,64.0,64.0,15900.0
2019-07-16,64.0,63.9,64.0,63.9,1000.0
2019-07-15,63.6,63.5,64.0,63.5,14400.0
2019-07-12,64.0,64.0,64.0,64.0,11600.0
2019-07-11,64.0,63.5,64.0,63.5,17000.0
2019-07-10,63.54,63.62,63.62,63.54,700.0
2019-07-09,63.6,64.28,64.3,63.6,1700.0
2019-07-05,63.6,63.6,63.6,63.6,100.0
2019-07-04,64.0,63.5,64.0,63.5,9700.0
2019-07-03,63.5,63.5,63.6,63.5,2100.0
2019-07-02,63.6,63.5,63.9,63.5,2600.0
2019-07-01,63.9,64.0,64.0,63.8,2800.0
2019-06-27,64.0,64.0,64.0,64.0,3900.0
2019-06-26,64.0,63.5,64.0,63.5,17400.0
2019-06-25,63.5,63.3,63.5,63.3,6300.0
2019-06-24,63.3,63.3,63.3,63.18,13800.0
2019-06-21,63.3,63.3,63.3,63.3,1100.0
2019-06-20,63.3,63.3,63.3,63.3,100.0
2019-06-18,63.46,63.46,63.46,63.42,400.0
2019-06-17,63.46,63.44,63.46,63.44,900.0
2019-06-14,63.5,63.5,63.5,63.5,2300.0
2019-06-13,63.5,63.5,63.5,63.46,800.0
2019-06-12,63.5,63.5,63.5,63.5,2100.0
2019-06-11,63.52,63.5,63.52,63.5,1100.0
2019-06-10,63.5,63.52,63.98,63.5,2800.0
2019-06-07,63.5,63.5,63.5,63.5,100.0
2019-05-31,64.5,63.0,64.5,63.0,3000.0
2019-05-29,63.5,63.5,63.5,63.5,100.0
2019-05-27,63.5,63.62,63.62,63.5,5700.0
2019-05-24,63.6,63.7,63.7,63.54,300.0
2019-05-23,63.9,64.0,64.0,63.8,3500.0
2019-05-21,64.0,63.9,64.0,63.9,2000.0
2019-05-17,64.0,63.5,64.0,63.5,9400.0
2019-05-16,64.0,64.0,64.0,64.0,200.0
2019-05-15,63.8,63.8,63.8,63.8,100.0
2019-05-14,64.0,63.7,64.0,63.7,1000.0
2019-05-13,64.0,64.0,64.0,63.9,3200.0
2019-05-10,64.0,64.0,64.4,64.0,27900.0
2019-05-09,64.28,64.04,64.28,64.0,16900.0
2019-05-08,64.0,63.5,64.0,63.5,14000.0
2019-05-07,63.5,63.6,63.6,63.5,300.0
2019-05-06,63.6,63.9,63.9,63.6,300.0
2019-05-03,64.0,64.0,64.0,64.0,25100.0
2019-05-02,64.0,64.0,64.1,64.0,129100.0
2019-04-30,64.06,64.08,64.08,63.8,35900.0
2019-04-29,64.1,64.0,64.1,63.84,2100.0
2019-04-26,64.08,63.88,64.1,63.88,30900.0
2019-04-25,64.08,64.08,64.1,64.08,1800.0
2019-04-24,64.0,64.0,64.08,64.0,2300.0
2019-04-23,64.0,64.0,64.0,64.0,71000.0
2019-04-22,63.7,63.6,63.7,63.6,1100.0
2019-04-19,63.7,63.8,63.8,63.7,2200.0
2019-04-17,63.8,63.8,63.8,63.8,2400.0
2019-04-16,64.0,64.0,64.0,64.0,6800.0
2019-04-15,64.0,64.18,64.18,63.82,4900.0
2019-04-12,64.18,64.18,64.18,64.18,200.0
2019-04-11,64.0,64.0,64.0,64.0,2400.0
2019-04-10,64.18,64.1,64.18,64.0,4600.0
2019-04-09,64.1,64.0,64.18,64.0,38400.0
2019-04-08,64.08,64.36,64.36,63.9,42300.0
2019-04-05,64.38,64.38,64.38,64.38,700.0
2019-04-03,64.4,64.4,64.4,64.4,100.0
2019-04-02,64.32,64.5,64.5,64.32,400.0
2019-04-01,64.3,64.5,64.5,64.3,1900.0
2019-03-29,64.5,64.0,64.5,64.0,24900.0
2019-03-28,64.0,64.0,64.0,64.0,8000.0
2019-03-27,64.0,63.6,64.0,63.6,2100.0
2019-03-26,64.0,63.68,64.0,63.68,28300.0
2019-03-25,63.68,63.66,63.68,63.66,1100.0
2019-03-22,64.1,63.8,64.1,63.8,27900.0
2019-03-21,64.0,63.9,64.0,63.9,10900.0
2019-03-20,64.0,63.6,64.1,63.6,100500.0
2019-03-19,64.0,63.82,64.0,63.82,3000.0
2019-03-18,64.0,64.0,64.06,64.0,3800.0
2019-03-15,64.0,64.1,64.1,64.0,4400.0
2019-03-14,64.1,64.0,64.1,64.0,1500.0
2019-03-13,63.8,64.0,64.0,63.78,3800.0
2019-03-12,63.7,63.7,63.7,63.7,300.0
2019-03-11,63.6,64.5,64.5,63.6,800.0
2019-03-08,63.9,64.0,64.0,63.9,1200.0
2019-03-07,64.2,64.28,64.6,64.2,3200.0
2019-03-06,64.28,64.46,64.46,64.2,6100.0
2019-03-05,64.28,63.5,64.28,63.5,1700.0
2019-03-04,63.46,63.5,64.78,63.46,900.0
2019-03-01,63.46,63.96,64.24,63.46,700.0
2019-02-28,63.96,63.2,63.96,63.2,3500.0
2019-02-27,63.42,63.2,64.3,63.2,1200.0
2019-02-26,63.2,64.0,64.0,62.92,10000.0
2019-02-25,64.2,64.2,64.2,64.18,1200.0
2019-02-22,64.2,63.78,64.4,63.78,6300.0
2019-02-21,63.78,63.16,63.8,63.16,2500.0
2019-02-20,63.02,63.48,63.48,62.92,10500.0
2019-02-19,63.38,63.4,63.42,63.38,2000.0
2019-02-18,62.8,62.6,62.8,62.6,400.0
2019-02-15,62.7,62.48,63.38,62.48,3500.0
2019-02-14,62.46,62.76,63.0,62.42,2800.0
2019-02-13,62.28,62.3,62.8,62.28,1800.0
2019-02-12,62.26,61.8,62.48,61.8,1600.0
2019-02-11,61.98,62.0,62.0,61.78,5100.0
2019-02-08,61.98,61.9,61.98,61.9,300.0
2019-02-07,61.98,62.0,62.1,61.98,900.0
2019-02-04,61.98,61.98,62.0,61.5,800.0
2019-01-31,61.98,61.3,61.98,61.3,400.0
2019-01-30,61.22,62.0,62.0,61.22,200.0
2019-01-29,62.2,62.1,62.2,61.24,6200.0
2019-01-28,61.9,61.02,62.0,61.02,1000.0
2019-01-25,61.98,61.98,61.98,61.98,100.0
2019-01-24,62.0,61.0,62.0,60.5,4200.0
2019-01-23,60.92,60.92,60.92,60.6,900.0
2019-01-22,60.92,60.46,61.0,60.46,1100.0
2019-01-18,60.82,60.8,60.84,60.4,1600.0
2019-01-17,60.8,60.66,61.0,60.6,2400.0
2019-01-16,60.8,61.5,61.5,60.8,4000.0
2019-01-15,61.0,61.5,61.5,61.0,200.0
2019-01-14,60.5,60.4,60.5,60.4,400.0
2019-01-11,61.4,60.32,61.4,60.32,200.0
2019-01-10,61.0,61.0,61.2,61.0,500.0
2019-01-09,60.32,60.32,60.32,60.32,100.0
2019-01-08,60.3,60.24,60.3,60.24,400.0
2019-01-07,60.8,61.0,61.0,60.8,1600.0
2019-01-04,60.98,61.0,61.0,60.98,400.0
2019-01-03,60.7,61.06,61.06,60.7,3000.0
2019-01-02,61.5,62.0,62.0,61.1,1600.0
2018-12-31,62.0,61.98,62.0,61.98,9300.0
2018-12-28,62.2,61.5,62.2,61.0,115000.0
2018-12-27,62.2,62.0,62.2,60.22,13400.0
2018-12-26,62.0,59.82,62.0,59.82,20800.0
2018-12-24,59.9,60.6,60.6,59.82,25300.0
2018-12-21,60.6,60.52,60.78,58.9,75900.0
2018-12-20,60.52,61.0,61.0,59.7,227100.0
2018-12-19,61.46,61.8,61.8,61.0,2000.0
2018-12-18,61.6,61.9,62.0,61.6,2600.0
2018-12-17,62.3,62.0,62.3,61.9,1800.0
2018-12-14,62.46,62.48,62.48,62.0,900.0
2018-12-12,62.48,62.0,62.48,62.0,1500.0
2018-12-11,61.8,62.28,62.28,61.8,900.0
2018-12-10,62.3,62.28,62.42,62.28,100600.0
2018-12-07,62.84,62.84,62.84,62.84,700.0
2018-12-06,62.82,62.84,63.6,62.82,55000.0
2018-12-05,62.98,62.98,62.98,62.84,12500.0
2018-12-04,62.98,63.0,63.1,62.96,5100.0
2018-12-03,62.98,63.6,63.6,62.98,5500.0
2018-11-30,63.0,63.0,63.0,62.98,2300.0
2018-11-29,63.0,63.0,63.0,62.96,700.0
2018-11-28,63.2,62.8,63.2,62.8,400.0
2018-11-27,63.1,62.88,63.1,62.7,5900.0
2018-11-26,62.8,62.84,62.86,62.8,5200.0
2018-11-23,62.88,62.88,62.88,62.88,1200.0
2018-11-22,63.0,63.0,63.0,62.9,700.0
2018-11-21,63.0,62.9,63.1,62.9,50800.0
2018-11-19,63.1,63.18,63.2,63.1,900.0
2018-11-16,63.18,63.2,63.4,63.14,12300.0
2018-11-15,63.2,63.56,63.56,63.12,1700.0
2018-11-14,63.18,63.2,63.2,63.16,4400.0
2018-11-13,63.2,63.3,63.3,62.6,500.0
2018-11-12,63.56,63.6,63.6,63.56,2200.0
2018-11-09,63.56,63.56,63.56,62.84,800.0
2018-11-08,63.56,63.16,63.58,63.14,1600.0
2018-11-07,63.12,63.12,63.2,63.12,1100.0
2018-11-05,63.4,63.2,63.6,62.7,3100.0
2018-11-02,63.1,63.1,63.1,63.1,44600.0
2018-11-01,63.2,63.58,63.58,63.2,2100.0
2018-10-31,63.58,63.1,63.6,63.1,3300.0
2018-10-30,63.0,62.4,63.0,62.4,2200.0
2018-10-29,62.5,62.54,62.54,62.5,300.0
2018-10-25,63.08,62.6,63.14,62.6,10800.0
2018-10-24,63.3,62.94,63.3,62.94,102700.0
2018-10-23,62.96,62.84,63.0,62.82,9600.0
2018-10-22,63.58,63.58,63.6,63.58,16600.0
2018-10-19,63.0,63.5,63.5,63.0,400.0
2018-10-18,63.5,63.1,63.5,63.1,600.0
2018-10-17,62.9,62.9,63.02,62.84,126400.0
2018-10-16,62.9,63.91,63.91,62.9,1500.0
2018-10-15,63.89,62.82,64.03,62.82,8400.0
2018-10-12,64.07,62.6,64.07,62.6,1000.0
2018-10-11,63.89,63.79,63.89,62.52,26800.0
2018-10-10,63.89,64.09,64.09,63.89,2700.0
2018-10-08,63.93,64.55,64.55,63.69,4800.0
2018-10-05,64.59,64.59,64.59,64.57,110800.0
2018-10-04,64.57,63.69,64.59,63.62,16300.0
2018-10-03,63.99,63.69,63.99,63.6,4900.0
2018-10-02,64.59,64.59,64.59,64.19,8800.0
2018-10-01,63.93,63.79,63.93,63.79,3900.0
2018-09-28,63.87,63.5,63.87,63.5,6900.0
2018-09-27,63.5,63.5,63.5,63.34,98100.0
2018-09-26,63.5,63.5,63.97,63.4,7700.0
2018-09-25,63.6,63.65,63.65,63.58,19100.0
2018-09-24,63.65,64.99,64.99,63.65,12500.0
2018-09-21,63.69,63.79,64.79,63.69,1500.0
2018-09-20,63.79,63.6,63.81,63.5,26400.0
2018-09-19,63.79,64.09,64.09,63.62,5000.0
2018-09-18,64.09,65.09,65.09,63.62,5100.0
2018-09-14,65.09,64.09,65.58,64.09,4600.0
2018-09-13,64.73,64.59,64.77,64.59,75000.0
2018-09-12,64.59,65.11,65.11,63.5,245500.0
2018-09-07,65.11,65.48,65.48,65.09,10100.0
2018-09-06,65.5,66.08,66.08,65.5,7700.0
2018-09-05,65.88,65.88,65.88,65.68,12700.0
2018-09-04,65.92,65.98,65.98,65.9,15600.0
2018-09-03,66.06,66.58,66.58,66.06,6000.0
2018-08-30,66.1,66.1,66.16,66.06,18900.0
2018-08-29,66.12,66.28,66.28,66.1,3700.0
2018-08-28,66.36,66.4,66.4,66.28,11500.0
2018-08-27,66.38,66.4,66.4,66.38,2000.0
2018-08-24,66.4,66.58,66.97,66.4,2800.0
2018-08-23,66.46,66.48,66.5,66.46,1900.0
2018-08-21,66.48,66.58,66.58,66.48,11100.0
2018-08-17,66.58,66.18,66.58,66.08,13100.0
2018-08-16,66.36,67.33,67.33,66.28,2700.0
2018-08-15,66.42,66.48,66.54,66.42,3800.0
2018-08-14,66.42,66.42,66.42,66.42,500.0
2018-08-13,66.42,66.42,66.58,66.42,88400.0
2018-08-10,66.38,66.42,67.15,66.38,28700.0
2018-08-09,66.4,66.46,66.46,66.4,200.0
2018-08-08,66.44,66.48,66.48,66.44,5800.0
2018-08-07,66.44,66.48,66.48,66.44,14900.0
2018-08-06,66.48,66.87,66.87,66.38,8900.0
2018-08-03,66.48,66.48,66.52,66.42,5300.0
2018-08-02,66.42,66.78,66.78,66.42,5500.0
2018-08-01,66.46,66.58,66.58,66.46,3000.0
2018-07-31,66.48,66.56,66.56,66.48,2000.0
2018-07-30,67.33,66.58,67.33,66.42,2900.0
2018-07-27,66.42,66.56,66.58,66.42,10200.0
2018-07-26,66.46,66.42,66.56,66.42,4300.0
2018-07-25,66.54,66.58,66.58,66.54,27800.0
2018-07-24,66.58,66.58,66.58,66.48,54000.0
2018-07-23,66.56,66.54,66.58,66.54,17100.0
2018-07-20,66.54,66.3,66.58,66.3,10700.0
2018-07-19,66.58,66.58,66.58,66.46,7800.0
2018-07-18,66.58,66.58,66.58,66.26,5000.0
2018-07-17,66.58,66.58,66.58,66.38,10300.0
2018-07-16,66.58,66.4,66.58,66.26,4000.0
2018-07-13,66.42,66.58,66.93,66.42,10700.0
2018-07-12,66.5,66.46,66.87,66.4,44200.0
2018-07-11,66.48,66.58,66.58,66.48,67300.0
2018-07-10,66.5,66.83,66.83,66.4,62100.0
2018-07-09,66.83,66.89,66.93,66.83,4900.0
2018-07-06,66.89,67.49,67.57,66.89,6500.0
2018-07-05,67.55,67.55,67.55,67.51,7600.0
2018-07-04,67.57,67.51,67.57,67.51,1800.0
2018-07-03,67.27,67.53,67.55,67.27,2800.0
2018-06-29,67.55,67.55,67.55,66.58,1800.0
2018-06-28,67.55,67.55,67.55,67.55,400.0
2018-06-27,67.57,67.55,67.57,66.52,1900.0
2018-06-26,67.57,66.42,67.57,66.42,2600.0
2018-06-25,66.68,66.68,66.68,66.42,2300.0
2018-06-22,66.68,67.37,67.73,66.68,46200.0
2018-06-21,66.78,67.07,67.07,66.7,8500.0
2018-06-20,67.07,67.27,67.27,67.07,400.0
2018-06-19,67.37,67.83,67.83,67.35,20500.0
2018-06-18,67.17,67.07,67.63,66.78,9200.0
2018-06-13,67.67,67.67,67.77,67.67,2100.0
2018-06-12,67.77,67.89,67.89,67.67,36400.0
2018-06-11,67.89,67.37,68.54,67.37,4800.0
2018-06-08,67.07,66.48,67.07,66.3,35600.0
2018-06-07,66.48,67.07,67.09,66.18,40400.0
2018-06-06,66.58,66.6,66.6,66.38,47900.0
2018-06-05,67.07,66.62,67.07,66.62,300.0
2018-06-04,66.52,67.07,67.57,66.52,56500.0
2018-06-01,67.21,67.51,67.51,67.19,4100.0
2018-05-31,67.51,67.55,67.57,67.51,3700.0
2018-05-30,67.57,68.07,68.07,67.41,6800.0
2018-05-28,69.44,69.46,69.46,69.36,600.0
2018-05-25,69.46,69.56,69.56,67.77,1300.0
2018-05-24,68.29,68.56,68.56,67.57,4100.0
2018-05-23,68.58,69.56,69.56,68.56,6800.0
2018-05-22,69.54,69.66,69.66,69.54,1600.0
2018-05-21,69.56,69.56,70.27,69.46,16700.0
2018-05-18,69.52,69.76,69.76,69.08,4600.0
2018-05-17,68.86,68.86,69.58,68.86,4700.0
2018-05-16,68.86,66.52,68.86,66.52,7400.0
2018-05-15,66.58,66.58,67.35,66.58,21900.0
2018-05-14,66.58,67.07,67.07,66.52,54300.0
2018-05-08,66.38,66.34,66.58,66.1,23600.0
2018-05-07,66.08,66.08,66.1,66.08,11500.0
2018-05-04,66.54,66.58,66.58,65.19,13000.0
2018-05-03,66.56,66.1,66.58,65.6,1500.0
2018-05-02,66.36,66.1,66.36,66.08,7000.0
2018-04-30,66.7,66.77,67.07,66.08,2700.0
2018-04-27,66.77,66.95,66.95,66.48,2800.0
2018-04-26,66.95,66.44,66.95,66.44,147200.0
2018-04-25,66.38,65.97,66.38,65.97,7200.0
2018-04-24,65.97,65.99,65.99,65.97,800.0
2018-04-23,65.99,65.97,66.28,65.97,76600.0
2018-04-20,65.99,65.79,65.99,65.4,4300.0
2018-04-19,65.65,65.99,65.99,65.59,2000.0
2018-04-18,65.99,65.99,66.08,65.59,11800.0
2018-04-17,66.16,66.07,66.34,65.99,3000.0
2018-04-16,66.34,66.05,66.36,66.05,1500.0
2018-04-13,65.59,65.51,66.16,65.51,4200.0
2018-04-12,65.49,65.97,65.99,65.49,1600.0
2018-04-11,65.97,65.55,66.08,65.55,35200.0
2018-04-10,65.99,65.57,65.99,65.57,1100.0
2018-04-09,66.07,65.0,66.18,64.92,3100.0
2018-04-06,64.94,65.02,65.2,64.92,8300.0
2018-04-05,65.95,65.1,66.07,65.1,3600.0
2018-04-04,65.2,66.77,66.77,65.2,6300.0
2018-04-03,66.77,65.99,66.97,65.99,4900.0
2018-04-02,66.97,67.46,67.46,66.01,109000.0
2018-03-30,67.46,65.99,67.46,65.99,6600.0
2018-03-29,65.99,65.2,66.16,65.2,1700.0
2018-03-28,65.0,65.0,65.02,64.94,104000.0
2018-03-27,64.9,64.8,65.04,64.8,5500.0
2018-03-26,65.14,64.51,65.2,64.02,17000.0
2018-03-23,65.4,65.0,65.97,64.12,11800.0
2018-03-22,65.47,65.59,65.69,65.4,231700.0
2018-03-21,65.69,66.01,66.18,65.69,7400.0
2018-03-20,66.01,65.49,66.14,65.36,16000.0
2018-03-19,66.18,65.73,66.46,65.49,9600.0
2018-03-16,66.48,66.97,67.96,66.38,81100.0
2018-03-15,66.52,69.63,69.63,65.0,49000.0
2018-03-14,68.94,70.22,75.82,67.66,86500.0
2018-03-13,70.06,67.66,70.32,67.66,107400.0
2018-03-12,66.68,67.38,67.46,66.68,16000.0
2018-03-09,66.97,66.48,66.97,66.18,9400.0
2018-03-08,66.68,66.68,66.68,65.95,2100.0
2018-03-07,65.95,67.44,67.44,65.49,5100.0
2018-03-06,65.97,66.79,66.89,56.51,30700.0
2018-03-05,66.95,65.99,66.97,65.99,8700.0
2018-03-02,65.99,65.61,67.96,65.61,6300.0
2018-03-01,65.85,65.49,66.48,65.49,8300.0
2018-02-28,65.59,68.23,68.23,65.47,52000.0
2018-02-27,68.84,67.17,68.92,67.17,29700.0
2018-02-26,66.68,65.99,66.97,65.99,4100.0
2018-02-23,65.47,65.99,65.99,65.02,54100.0
2018-02-22,65.0,64.02,65.99,64.0,18900.0
2018-02-21,63.62,63.52,64.02,63.52,122000.0
2018-02-20,63.92,64.02,64.02,63.9,10200.0
2018-02-19,63.84,63.03,64.02,63.03,3800.0
2018-02-15,62.99,62.89,62.99,62.74,2200.0
2018-02-14,62.72,62.15,62.72,62.15,1400.0
2018-02-13,62.34,62.34,62.64,61.87,12400.0
2018-02-12,62.34,62.05,62.34,62.05,1200.0
2018-02-09,62.24,61.57,62.34,61.57,6900.0
2018-02-08,62.03,61.55,62.34,61.55,276000.0
2018-02-07,61.97,61.95,62.05,61.83,255900.0
2018-02-06,61.83,60.29,62.48,60.29,46100.0
2018-02-05,62.87,61.55,62.89,61.55,16800.0
2018-02-02,62.34,62.11,62.83,61.16,9200.0
2018-01-30,62.15,61.18,62.24,61.18,309800.0
2018-01-29,62.36,62.05,62.4,62.05,60600.0
2018-01-26,62.05,62.05,62.15,62.01,15100.0
2018-01-25,62.05,62.05,62.24,62.03,33400.0
2018-01-24,62.05,62.05,62.15,62.03,113500.0
2018-01-23,62.05,62.24,62.24,62.05,1100.0
2018-01-22,62.05,61.46,62.54,61.46,22600.0
2018-01-19,61.14,60.08,61.55,59.88,515100.0
2018-01-18,60.08,59.96,60.08,59.96,3200.0
2018-01-17,59.94,59.86,59.94,59.41,1500.0
2018-01-16,59.96,59.45,59.96,59.39,7000.0
2018-01-15,59.45,59.31,59.58,59.31,7600.0
2018-01-12,59.29,59.39,60.08,59.29,3500.0
2018-01-11,59.29,59.19,59.29,59.09,35800.0
2018-01-10,59.19,59.78,59.78,59.19,2200.0
2018-01-09,59.78,59.68,60.08,59.58,9400.0
2018-01-08,59.58,59.29,60.08,59.29,9500.0
2018-01-05,59.13,59.29,59.29,59.09,28800.0
2018-01-04,59.29,59.58,59.58,59.29,1700.0
2018-01-03,59.58,59.88,60.08,59.58,4100.0
2018-01-02,59.88,60.08,60.08,58.88,2200.0
2017-12-29,61.06,59.09,61.06,58.68,19200.0
2017-12-28,58.9,59.09,59.27,58.9,1200.0
2017-12-27,58.9,59.09,59.09,58.9,1200.0
2017-12-26,59.09,59.68,59.68,59.09,900.0
2017-12-22,59.68,59.7,59.7,59.68,300.0
2017-12-21,59.68,59.78,59.78,59.68,4100.0
2017-12-20,59.78,59.7,59.78,59.7,4300.0
2017-12-19,59.7,59.6,59.7,59.6,2800.0
2017-12-18,59.98,59.58,59.98,59.51,23800.0
2017-12-15,59.84,59.78,59.88,59.78,25900.0
2017-12-14,59.98,60.08,60.08,59.82,159100.0
2017-12-13,60.08,60.06,60.87,59.78,13400.0
2017-12-12,60.27,60.08,60.45,60.08,202900.0
2017-12-11,59.98,59.61,60.08,59.61,2700.0
2017-12-08,59.63,59.3,59.96,59.3,6800.0
2017-12-07,59.28,59.18,59.28,59.18,300.0
2017-12-05,58.64,59.01,59.3,58.52,15300.0
2017-12-04,58.58,58.58,58.81,58.42,5400.0
2017-11-30,58.58,58.62,58.89,58.56,4500.0
2017-11-29,58.56,57.95,59.1,57.95,8200.0
2017-11-28,57.93,57.91,57.93,57.86,3400.0
2017-11-27,57.91,58.52,58.52,57.54,6900.0
2017-11-24,58.52,58.52,58.52,58.52,1200.0
2017-11-23,58.52,58.52,58.52,58.52,500.0
2017-11-22,58.52,58.52,58.52,58.52,300.0
2017-11-21,58.52,58.52,58.52,58.52,1500.0
2017-11-20,58.52,58.52,58.52,58.52,900.0
2017-11-17,58.79,58.62,58.79,58.6,700.0
2017-11-16,58.71,59.01,59.01,57.47,7400.0
2017-11-15,59.01,59.1,59.1,58.73,8000.0
2017-11-14,58.71,58.71,58.71,58.54,800.0
2017-11-13,58.62,58.56,58.62,58.56,400.0
2017-11-10,58.62,59.42,59.42,58.56,351700.0
2017-11-08,58.52,58.42,58.52,58.15,18300.0
2017-11-07,58.05,58.52,58.52,58.05,1800.0
2017-11-06,58.05,57.86,58.07,57.86,600.0
2017-11-03,58.62,58.52,58.62,58.52,5800.0
2017-11-02,58.52,58.62,58.62,58.42,27600.0
2017-11-01,58.62,58.54,59.49,58.54,7500.0
2017-10-31,58.56,58.52,58.56,58.52,2700.0
2017-10-30,58.56,58.6,58.6,58.56,200.0
2017-10-27,58.54,58.52,58.54,58.52,7300.0
2017-10-26,58.56,58.42,58.56,58.42,11000.0
2017-10-25,58.52,58.52,58.52,57.86,27800.0
2017-10-24,58.52,58.52,58.62,58.48,3800.0
2017-10-23,58.52,56.94,58.62,56.94,51800.0
2017-10-20,55.59,58.52,58.52,55.59,163400.0
2017-10-19,58.99,58.42,59.03,58.42,8500.0
2017-10-17,58.62,58.69,58.71,58.52,3300.0
2017-10-16,58.62,58.42,58.62,58.42,2400.0
2017-10-13,58.71,58.48,58.71,58.36,5100.0
2017-10-12,58.48,57.78,58.48,57.78,3700.0
2017-10-11,57.78,57.78,57.78,57.78,300.0
2017-10-10,57.76,58.4,58.4,57.72,400.0
2017-10-09,58.42,58.52,58.52,57.35,6500.0
2017-10-06,58.71,58.67,58.71,58.67,1000.0
2017-10-04,58.64,58.48,58.69,58.48,55300.0
2017-10-03,58.48,58.52,58.52,58.48,1000.0
2017-10-02,57.93,59.01,59.01,57.93,1800.0
2017-09-29,58.87,57.84,58.99,57.84,19100.0
2017-09-28,57.84,57.84,57.84,57.64,2400.0
2017-09-27,57.84,57.54,57.84,57.45,2100.0
2017-09-26,57.84,57.84,57.84,57.84,300.0
2017-09-25,57.76,57.54,57.97,57.54,9300.0
2017-09-21,57.54,57.43,57.54,57.43,2300.0
2017-09-20,57.43,57.41,57.43,57.29,54700.0
2017-09-19,57.43,57.43,57.43,57.43,200.0
2017-09-18,57.37,57.37,57.37,57.37,300.0
2017-09-15,57.54,57.35,57.54,57.35,200.0
2017-09-14,57.54,57.54,57.54,57.54,300.0
2017-09-13,57.54,57.54,57.56,57.54,45200.0
2017-09-12,57.84,57.54,57.84,57.35,1000.0
2017-09-11,57.84,57.17,57.84,57.17,6200.0
2017-09-08,57.64,57.15,57.72,57.15,107600.0
2017-09-07,57.17,57.15,57.17,57.15,1300.0
2017-09-06,57.17,57.17,57.45,57.15,3600.0
2017-09-05,57.15,57.15,57.19,57.15,5900.0
2017-08-30,57.19,57.08,57.19,57.06,1500.0
2017-08-29,57.54,57.11,57.54,57.11,600.0
2017-08-28,57.74,57.25,57.74,57.06,3100.0
2017-08-25,57.84,57.54,57.84,57.54,88600.0
2017-08-24,57.72,57.56,57.72,57.5,2900.0
2017-08-23,57.74,57.74,57.76,57.56,11400.0
2017-08-22,57.76,57.54,57.76,57.54,4600.0
2017-08-21,57.72,57.35,57.72,57.35,400.0
2017-08-18,57.74,57.54,57.74,57.54,41500.0
2017-08-17,57.72,57.72,57.74,57.72,1900.0
2017-08-16,57.54,57.54,57.54,57.17,1800.0
2017-08-15,57.54,57.74,57.74,57.54,21400.0
2017-08-14,57.72,57.54,57.72,57.54,1300.0
2017-08-11,57.54,57.37,57.54,57.31,5400.0
2017-08-10,57.74,57.74,57.74,57.45,1100.0
2017-08-09,57.74,57.74,57.74,57.74,100.0
2017-08-08,57.82,57.82,57.84,57.56,41400.0
2017-08-07,57.82,57.35,57.84,56.63,3900.0
2017-08-04,57.74,57.74,57.74,57.54,5800.0
2017-08-03,57.74,57.41,57.74,57.41,5600.0
2017-08-02,57.82,57.15,57.82,57.15,3200.0
2017-08-01,57.82,57.5,57.82,57.39,7400.0
2017-07-31,57.5,57.15,57.5,56.96,1500.0
2017-07-28,57.15,57.82,57.82,57.15,31000.0
2017-07-27,57.54,57.64,57.64,57.35,4900.0
2017-07-25,57.82,57.54,57.82,57.54,1200.0
2017-07-24,57.84,57.45,57.84,57.25,1400.0
2017-07-21,57.54,57.39,57.54,57.35,6600.0
2017-07-20,57.45,57.91,57.93,57.15,16800.0
2017-07-19,57.64,57.06,57.93,57.06,10000.0
2017-07-18,56.96,56.84,57.06,56.84,8500.0
2017-07-17,56.67,56.67,56.67,56.67,1000.0
2017-07-14,56.57,56.57,56.57,56.57,900.0
2017-07-13,56.47,56.67,56.67,56.47,4400.0
2017-07-12,56.57,56.74,56.74,56.55,110700.0
2017-07-11,56.67,56.67,56.76,56.67,2800.0
2017-07-10,56.67,56.67,56.67,56.65,1000.0
2017-07-07,56.86,56.94,56.96,56.59,5400.0
2017-07-06,56.92,56.92,56.92,56.92,400.0
2017-07-05,56.94,56.67,56.94,56.67,500.0
2017-07-04,56.86,56.76,56.86,56.76,200.0
2017-07-03,56.76,56.86,56.86,56.76,600.0
2017-06-30,56.94,56.69,56.94,56.69,1700.0
2017-06-29,56.72,56.72,56.72,56.65,2400.0
2017-06-28,56.76,56.67,56.96,56.61,3800.0
2017-06-23,56.69,56.57,56.69,56.26,8100.0
2017-06-22,56.76,56.57,56.76,56.51,6800.0
2017-06-21,56.96,56.63,56.96,56.57,48900.0
2017-06-20,56.63,56.65,56.67,56.63,10500.0
2017-06-19,56.65,56.59,56.67,56.59,20800.0
2017-06-16,56.57,57.04,57.04,56.57,10400.0
2017-06-15,57.04,57.02,57.04,56.96,300.0
2017-06-14,57.02,56.94,57.02,56.86,6600.0
2017-06-13,57.02,56.67,57.02,56.57,4900.0
2017-06-09,56.49,56.78,57.15,56.49,21600.0
2017-06-08,57.15,57.15,57.15,56.78,1300.0
2017-06-07,57.15,57.15,57.15,57.15,200.0
2017-06-05,57.15,57.04,57.25,56.59,4800.0
2017-06-02,57.04,56.57,57.04,56.57,104900.0
2017-06-01,56.57,56.57,56.57,56.47,16800.0
2017-05-31,56.57,56.39,56.57,56.35,54600.0
2017-05-30,56.57,57.06,57.06,56.47,51800.0
2017-05-29,56.57,56.57,57.09,56.55,54700.0
2017-05-26,56.57,56.49,57.35,56.28,2000.0
2017-05-25,56.57,56.8,56.8,56.28,7600.0
2017-05-24,56.96,57.06,57.15,56.76,1600.0
2017-05-23,56.67,56.78,56.78,56.67,3300.0
2017-05-22,57.41,56.39,57.54,56.39,13400.0
2017-05-19,56.41,56.45,56.45,56.39,1800.0
2017-05-18,56.49,56.47,56.57,56.45,4200.0
2017-05-17,56.53,56.88,56.88,56.49,2000.0
2017-05-16,56.86,57.35,57.35,56.86,3300.0
2017-05-15,57.45,56.57,57.45,56.55,4400.0
2017-05-12,56.82,56.82,56.86,56.82,4300.0
2017-05-11,56.82,56.82,56.88,56.8,57900.0
2017-05-09,56.82,56.96,56.96,56.65,7700.0
2017-05-08,56.96,56.74,58.4,56.01,26200.0
2017-05-05,56.74,56.67,56.74,56.67,1300.0
2017-05-04,56.74,56.47,56.76,56.28,13900.0
2017-05-03,56.16,55.99,56.18,55.99,127000.0
2017-05-02,55.8,55.61,56.07,55.22,4700.0
2017-04-28,55.61,55.41,55.89,55.06,19500.0
2017-04-27,55.03,55.51,55.61,54.74,15900.0
2017-04-26,55.26,55.51,55.51,55.26,3700.0
2017-04-25,55.41,55.47,55.53,55.41,27800.0
2017-04-20,55.41,55.41,55.41,55.39,19800.0
2017-04-19,55.41,55.39,55.41,55.22,3900.0
2017-04-18,55.3,55.03,55.3,54.93,8900.0
2017-04-17,55.2,54.66,55.2,54.64,21300.0
2017-04-14,54.7,54.64,54.7,54.64,1700.0
2017-04-13,54.74,54.74,54.74,54.72,4400.0
2017-04-12,54.76,54.54,54.76,54.54,45500.0
2017-04-11,54.66,54.74,54.76,54.54,8600.0
2017-04-10,54.74,54.6,54.77,54.54,8500.0
2017-04-07,54.79,54.74,54.79,54.64,13200.0
2017-04-06,54.77,54.76,54.85,54.58,19100.0
2017-04-05,54.89,55.32,55.32,54.74,8000.0
2017-04-03,55.45,55.39,55.45,55.03,600.0
2017-03-31,55.43,55.43,55.43,55.43,100.0
2017-03-30,55.43,55.3,55.43,55.3,1000.0
2017-03-29,55.03,55.47,55.47,54.64,39400.0
2017-03-28,55.12,55.6,55.6,55.12,9100.0
2017-03-27,55.56,55.77,55.77,55.43,14700.0
2017-03-24,57.77,57.59,57.87,57.59,3100.0
2017-03-23,57.87,57.5,57.89,57.5,2200.0
2017-03-22,57.4,57.58,57.59,57.4,30900.0
2017-03-21,57.58,57.38,57.58,57.38,27800.0
2017-03-20,57.2,56.8,57.2,56.72,63500.0
2017-03-17,56.72,56.8,56.9,56.41,12300.0
2017-03-16,57.3,57.0,57.5,57.0,1800.0
2017-03-15,57.2,57.2,57.2,57.2,200.0
2017-03-14,57.3,57.3,57.32,57.14,1600.0
2017-03-13,57.3,57.0,57.3,57.0,10800.0
2017-03-10,57.0,56.3,57.0,56.24,8400.0
2017-03-09,56.36,56.68,57.32,56.36,39300.0
2017-03-08,56.36,56.5,56.88,55.96,4000.0
2017-03-07,55.96,55.3,58.7,55.0,11600.0
2017-03-06,55.66,55.4,56.1,55.4,8700.0
2017-03-03,55.4,55.7,55.7,55.4,2600.0
2017-03-02,55.6,55.5,55.6,55.5,3700.0
2017-03-01,55.5,54.7,55.68,54.6,13100.0
2017-02-28,54.58,54.04,54.58,54.04,86600.0
2017-02-27,54.38,54.7,54.7,54.04,2500.0
2017-02-24,54.68,54.68,54.7,54.68,800.0
2017-02-23,54.0,54.2,54.3,54.0,17400.0
2017-02-22,54.12,54.44,54.44,54.0,26000.0
2017-02-21,54.44,54.8,54.8,54.34,5100.0
2017-02-20,54.7,54.7,54.72,54.3,3000.0
2017-02-17,54.32,54.22,54.32,54.2,8000.0
2017-02-16,54.24,54.24,55.26,54.16,55500.0
2017-02-15,54.24,54.3,54.3,54.24,900.0
2017-02-14,54.3,54.32,54.32,54.1,12900.0
2017-02-13,54.32,55.0,55.0,54.2,5200.0
2017-02-08,54.28,54.34,54.5,54.2,3300.0
2017-02-07,54.34,54.96,54.96,54.32,300.0
2017-02-06,54.24,54.5,54.6,54.2,7000.0
2017-02-03,54.52,54.52,54.56,54.5,4900.0
2017-02-02,54.42,54.58,54.58,54.4,7700.0
2017-01-31,54.58,54.6,54.6,54.5,3700.0
2017-01-27,54.6,55.88,55.88,54.58,300.0
2017-01-26,54.56,54.58,54.58,54.52,2300.0
2017-01-25,54.6,54.88,54.88,54.6,300.0
2017-01-24,54.66,54.8,55.0,54.6,8700.0
2017-01-23,54.88,55.0,55.0,54.78,1500.0
2017-01-20,55.08,55.0,55.48,55.0,500.0
2017-01-19,55.0,55.48,55.48,54.72,500.0
2017-01-18,55.0,54.74,55.5,54.7,1000.0
2017-01-17,54.7,54.7,54.72,54.7,77300.0
2017-01-13,54.7,54.62,55.0,54.62,9200.0
2017-01-12,54.7,54.58,54.96,54.52,4600.0
2017-01-11,54.6,54.56,54.96,54.54,1600.0
2017-01-10,54.54,54.94,54.96,54.5,900.0
2017-01-09,54.52,54.82,55.0,54.52,4500.0
2017-01-06,54.82,55.0,55.2,54.8,1800.0
2017-01-05,55.2,54.9,55.5,54.9,7100.0
2017-01-04,55.22,55.68,55.68,55.2,700.0
2017-01-03,55.68,55.42,55.68,54.52,1100.0
2016-12-30,55.56,55.4,56.0,55.4,21000.0
2016-12-29,55.4,55.1,55.4,55.0,11300.0
2016-12-28,55.0,55.02,55.5,54.52,3400.0
2016-12-27,55.5,55.5,55.5,55.5,100.0
2016-12-23,55.5,55.1,55.5,55.0,32400.0
2016-12-22,55.14,55.56,55.96,55.14,29400.0
2016-12-21,55.56,56.0,56.0,55.56,2400.0
2016-12-20,55.84,55.1,55.84,55.1,13400.0
2016-12-19,55.02,56.0,56.18,55.02,35600.0
2016-12-16,56.0,55.02,56.0,55.0,15900.0
2016-12-15,55.1,55.2,55.2,54.56,63200.0
2016-12-14,55.22,55.36,55.36,54.04,60000.0
2016-12-13,55.44,55.56,55.56,54.86,10700.0
2016-12-09,54.98,54.8,54.98,54.72,18200.0
2016-12-08,54.78,54.9,55.0,54.76,12200.0
2016-12-07,54.9,55.14,55.4,54.88,6100.0
2016-12-06,55.14,55.02,55.89,55.0,4400.0
2016-12-05,54.9,56.25,56.25,54.9,25700.0
2016-12-01,55.4,55.4,55.4,55.36,400.0
2016-11-30,55.32,55.4,55.42,54.9,8000.0
2016-11-29,54.8,55.42,55.42,54.6,900.0
2016-11-28,55.3,55.36,55.36,55.02,5300.0
2016-11-25,55.36,56.24,56.24,55.3,10000.0
2016-11-24,56.24,56.5,56.5,56.0,8500.0
2016-11-23,56.5,56.58,57.0,56.2,118300.0
2016-11-22,56.6,57.0,57.02,56.6,127300.0
2016-11-21,56.64,56.72,57.02,56.5,16400.0
2016-11-18,56.82,58.0,58.0,56.08,32000.0
2016-11-17,58.0,58.08,58.12,57.94,115500.0
2016-11-16,58.1,58.32,58.32,58.1,4500.0
2016-11-15,58.32,58.2,58.32,58.1,6300.0
2016-11-14,58.18,58.2,58.22,58.18,1300.0
2016-11-11,58.18,58.3,58.58,58.1,1900.0
2016-11-10,59.14,59.4,59.4,59.14,200.0
2016-11-09,58.4,58.4,58.4,58.08,3700.0
2016-11-08,58.7,58.4,58.7,58.28,11900.0
2016-11-07,58.56,58.56,58.56,58.54,11200.0
2016-11-04,58.56,58.56,58.56,58.5,8300.0
2016-11-03,58.6,59.1,59.4,58.4,7100.0
2016-11-02,59.2,59.0,59.2,59.0,1300.0
2016-11-01,59.0,58.6,59.0,58.1,10700.0
2016-10-31,58.7,58.8,58.8,58.7,800.0
2016-10-28,58.8,58.72,59.0,58.64,213200.0
2016-10-27,59.0,60.0,60.0,59.0,8200.0
2016-10-26,59.1,59.62,60.04,59.1,262400.0
2016-10-25,59.7,59.7,59.7,59.7,100.0
2016-10-24,60.18,60.2,60.2,60.18,400.0
2016-10-21,59.8,59.6,60.04,59.6,126200.0
2016-10-20,59.8,60.28,60.28,59.8,6500.0
2016-10-19,60.0,60.1,60.26,59.9,17000.0
2016-10-18,59.96,60.26,60.28,59.6,8300.0
2016-10-17,60.0,60.28,60.3,59.5,13400.0
2016-10-14,60.0,60.1,60.5,59.9,30000.0
2016-10-13,59.9,60.1,60.1,59.9,18600.0
2016-10-12,59.9,60.0,60.1,59.9,306200.0
2016-10-11,59.5,60.0,60.0,59.5,300300.0
2016-10-10,60.0,60.4,60.4,59.9,19800.0
2016-10-07,60.0,60.44,60.44,59.5,250900.0
2016-10-06,59.98,59.8,60.0,59.8,151200.0
2016-10-05,59.56,60.58,60.58,59.2,6600.0
2016-10-04,60.5,60.88,60.88,60.5,400.0
2016-09-30,59.98,60.0,60.2,59.98,6500.0
2016-09-29,60.0,60.0,60.0,60.0,5200.0
2016-09-28,59.9,58.6,59.92,58.6,56300.0
2016-09-27,58.8,58.8,58.8,58.8,300.0
2016-09-26,58.84,58.94,59.42,58.8,18900.0
2016-09-23,58.9,58.9,58.9,58.9,2000.0
2016-09-22,58.8,59.7,59.7,58.76,13900.0
2016-09-21,59.6,59.52,60.5,59.52,1200.0
2016-09-20,60.3,59.5,60.3,59.5,2600.0
2016-09-19,60.0,60.0,60.0,59.5,700.0
2016-09-15,59.0,60.1,60.1,59.0,17800.0
2016-09-14,60.3,60.2,60.46,60.02,3300.0
2016-09-13,60.48,59.9,60.48,59.9,2700.0
2016-09-09,59.96,60.0,62.2,59.9,13300.0
2016-09-08,60.0,61.34,61.34,59.9,34400.0
2016-09-07,61.34,62.32,62.32,61.2,4800.0
2016-09-06,62.8,62.8,62.86,62.5,9800.0
2016-09-05,62.8,62.82,63.0,62.68,22100.0
2016-09-02,62.9,60.96,63.04,60.92,139000.0
2016-09-01,60.84,59.12,60.84,59.0,13800.0
2016-08-30,59.2,58.8,59.58,58.8,37500.0
2016-08-29,58.56,58.0,58.7,58.0,38400.0
2016-08-26,57.7,57.5,57.7,56.5,30500.0
2016-08-25,57.5,57.6,57.6,57.2,42600.0
2016-08-24,57.7,58.4,58.4,57.4,220600.0
2016-08-23,59.52,60.0,61.0,59.3,29700.0
2016-08-22,60.0,60.5,60.5,59.2,80000.0
2016-08-19,60.78,62.18,62.18,60.02,43600.0
2016-08-18,62.22,63.26,63.28,62.1,8300.0
2016-08-17,63.18,63.48,63.9,62.72,12100.0
2016-08-16,63.32,63.9,63.9,63.32,3500.0
2016-08-15,64.0,63.56,64.0,63.56,4000.0
2016-08-12,63.66,63.9,63.9,63.28,15400.0
2016-08-11,63.9,64.0,64.0,63.84,11300.0
2016-08-10,64.0,64.0,64.48,63.98,11100.0
2016-08-09,64.0,64.84,64.84,64.0,12500.0
2016-08-08,64.0,64.0,65.36,63.9,9200.0
2016-08-05,64.0,64.0,64.0,63.88,4100.0
2016-08-04,64.0,64.14,64.5,63.96,13400.0
2016-08-03,63.92,65.4,65.98,63.92,13300.0
2016-08-02,64.0,64.5,64.5,63.5,13400.0
2016-08-01,63.64,64.0,65.3,63.64,20500.0
2016-07-29,63.98,63.0,63.98,63.0,11200.0
2016-07-28,63.0,62.5,63.0,61.26,10500.0
2016-07-27,62.5,62.5,62.5,62.4,30300.0
2016-07-26,62.5,62.0,62.78,62.0,79800.0
2016-07-25,61.9,62.1,62.1,61.9,12800.0
2016-07-22,62.0,61.8,62.0,61.7,66700.0
2016-07-21,61.8,61.7,61.8,61.7,462200.0
2016-07-20,61.7,62.0,62.4,60.0,692700.0
2016-07-19,61.6,61.1,62.0,61.1,132900.0
2016-07-18,61.2,60.3,61.2,60.3,133300.0
2016-07-15,61.0,60.8,61.0,60.7,32400.0
2016-07-14,60.8,61.0,61.0,60.7,65099.99999999999
2016-07-13,60.0,59.86,61.0,59.86,100200.0
2016-07-12,59.9,59.9,59.9,59.9,1300.0
2016-07-11,59.5,61.0,61.0,59.5,10800.0
2016-07-08,61.3,58.5,61.3,58.18,9800.0
2016-07-05,58.46,58.5,58.5,58.46,400.0
2016-07-04,58.46,58.98,59.5,58.12,10200.0
2016-07-01,58.48,58.5,58.5,58.44,9800.0
2016-06-30,58.5,58.02,58.5,57.92,5800.0
2016-06-29,58.0,58.5,58.5,58.0,23900.0
2016-06-28,58.12,58.02,58.3,58.02,47400.0
2016-06-27,58.02,57.0,58.2,57.0,3100.0
2016-06-24,57.9,58.0,58.0,57.7,43100.0
2016-06-23,58.0,58.28,58.28,57.72,50600.0
2016-06-21,57.8,57.8,57.92,57.8,38700.0
2016-06-20,57.8,57.84,57.84,57.7,3600.0
2016-06-17,57.8,57.8,57.8,57.8,38800.0
2016-06-16,57.8,58.0,58.3,57.78,22900.0
2016-06-15,57.8,57.3,58.0,57.3,45700.0
2016-06-14,56.8,57.0,57.0,56.8,7900.0
2016-06-13,56.8,56.98,57.0,56.62,33300.0
2016-06-10,56.9,57.0,57.0,56.9,3300.0
2016-06-09,56.9,57.4,57.7,56.8,6700.0
2016-06-08,56.9,56.8,57.0,56.8,18900.0
2016-06-07,56.6,56.14,56.6,56.14,51600.0
2016-06-06,56.16,56.16,56.18,55.9,54200.0
2016-06-03,55.8,55.4,56.0,54.98,66600.0
2016-06-02,54.86,54.9,54.98,54.86,24800.0
2016-06-01,54.9,55.02,55.02,54.82,23500.0
2016-05-31,55.0,55.3,55.44,54.5,36700.0
2016-05-30,54.8,56.0,56.0,54.8,2400.0
2016-05-27,56.0,55.0,56.18,54.9,20000.0
2016-05-26,55.12,55.1,55.7,55.1,16800.0
2016-05-25,55.06,55.78,55.78,55.0,30200.0
2016-05-24,55.5,56.0,56.0,55.12,3700.0
2016-05-20,56.0,56.0,56.12,56.0,14600.0
2016-05-19,56.0,56.02,56.04,55.82,7500.0
2016-05-18,56.0,55.6,56.04,55.6,3600.0
2016-05-17,55.8,55.9,55.9,55.76,8000.0
2016-05-16,55.2,55.3,56.1,55.2,8300.0
2016-05-13,55.12,54.2,55.5,54.2,27000.0
2016-05-12,54.0,54.0,54.2,54.0,3200.0
2016-05-11,54.0,54.08,54.08,54.0,1200.0
2016-05-10,54.1,53.5,54.1,53.5,6800.0
2016-05-09,53.42,53.2,53.42,53.2,3100.0
2016-05-06,53.0,53.08,53.2,53.0,42700.0
2016-05-05,53.04,53.0,53.1,52.9,106100.0
2016-05-04,52.92,52.8,52.92,52.8,2700.0
2016-05-03,52.9,53.0,53.1,52.8,34800.0
2016-04-29,53.0,53.82,53.82,53.0,550200.0
2016-04-28,53.46,53.5,53.52,53.42,216100.0
2016-04-27,53.8,53.9,53.9,53.0,4700.0
2016-04-26,52.92,54.0,54.0,52.9,20100.0
2016-04-25,53.4,53.06,53.7,53.06,18600.0
2016-04-22,53.0,52.91,53.04,52.91,7100.0
2016-04-21,52.81,52.51,52.96,52.51,7500.0
2016-04-20,52.51,52.02,52.51,52.02,4200.0
2016-04-19,52.02,51.8,52.21,51.8,202100.0
2016-04-18,51.78,51.8,51.8,51.74,3200.0
2016-04-15,51.78,51.78,51.78,51.68,5300.0
2016-04-14,51.74,51.78,51.78,51.72,180200.0
2016-04-13,51.72,51.72,51.78,51.72,452200.0
2016-04-12,51.74,51.68,51.74,51.62,3100.0
2016-04-11,52.28,52.2,52.28,52.1,4100.0
2016-04-08,52.26,52.2,52.26,52.2,300.0
2016-04-07,52.0,52.0,52.2,51.98,82300.0
2016-04-06,51.92,52.0,52.0,51.92,3200.0
2016-04-05,52.0,52.0,52.0,52.0,600.0
2016-04-04,52.0,52.0,52.22,51.68,8700.0
2016-04-01,51.9,51.9,51.9,51.9,300.0
2016-03-31,52.22,51.3,52.22,51.3,13400.0
2016-03-30,52.0,52.0,52.0,51.5,21300.0
2016-03-29,51.0,51.5,51.5,50.98,53400.0
2016-03-28,51.0,51.9,51.9,51.0,800.0
2016-03-25,51.0,51.5,51.5,51.0,51300.0
2016-03-24,51.0,50.42,51.02,50.42,13200.0
2016-03-23,50.42,50.1,50.42,50.1,400.0
2016-03-22,50.5,50.5,50.5,50.5,78000.0
2016-03-18,50.52,50.6,50.6,50.2,5600.0
2016-03-17,50.6,50.6,50.6,50.6,300.0
2016-03-16,50.6,50.78,50.78,50.5,1800.0
2016-03-15,50.76,50.74,50.78,50.0,3000.0
2016-03-14,50.78,50.84,50.84,50.78,300.0
2016-03-11,50.8,50.86,50.86,50.0,3900.0
2016-03-10,49.62,49.62,49.62,49.62,1000.0
2016-03-09,49.62,49.6,49.7,49.6,142300.0
2016-03-08,49.62,49.62,49.62,49.6,42900.0
2016-03-07,49.58,50.0,50.0,49.58,40300.0
2016-03-04,49.6,49.6,49.6,49.6,43000.0
2016-03-03,49.6,49.6,49.6,49.58,79100.0
2016-03-02,49.6,49.6,49.6,49.5,44500.0
2016-03-01,49.6,49.52,49.7,49.5,72800.0
2016-02-29,49.52,50.1,50.1,49.52,5100.0
2016-02-26,50.02,50.9,50.9,50.02,3000.0
2016-02-25,50.12,50.0,50.5,49.72,9300.0
2016-02-24,50.02,48.98,51.0,48.98,57900.0
2016-02-23,52.0,51.8,52.0,51.5,2100.0
2016-02-22,51.8,51.86,52.0,51.8,43200.0
2016-02-19,51.86,51.86,52.0,51.6,6400.0
2016-02-18,51.86,51.32,52.0,51.32,30800.0
2016-02-17,52.0,51.2,52.0,51.2,2400.0
2016-02-16,52.0,51.7,52.0,51.4,17100.0
2016-02-15,51.96,51.96,52.1,51.96,23200.0
2016-02-12,51.96,50.6,52.0,50.6,16600.0
2016-02-11,50.46,50.0,50.5,49.82,11500.0
2016-02-10,49.8,48.9,49.8,48.88,2800.0
2016-02-05,48.88,48.14,48.9,48.14,8900.0
2016-02-04,48.0,47.9,48.12,47.9,54000.0
2016-02-03,47.9,47.86,47.9,47.86,25500.0
2016-02-02,47.86,47.78,47.86,47.78,3600.0
2016-01-29,47.78,47.3,47.78,47.3,15700.0
2016-01-28,47.6,47.14,47.6,47.0,7700.0
2016-01-27,47.6,47.0,47.6,47.0,3200.0
2016-01-26,47.3,47.18,47.3,47.0,89000.0
2016-01-22,47.18,47.0,47.2,46.68,11600.0
2016-01-21,47.08,47.28,47.28,46.9,74300.0
2016-01-20,47.28,47.3,47.32,47.28,11600.0
2016-01-19,47.38,47.4,47.4,47.36,12200.0
2016-01-18,47.38,47.26,47.38,47.22,2800.0
2016-01-15,47.4,47.42,47.42,47.38,13100.0
2016-01-14,47.42,47.4,47.42,47.22,3600.0
2016-01-13,47.42,47.46,47.46,47.3,2300.0
2016-01-12,47.42,47.4,47.48,47.4,2600.0
2016-01-11,47.42,47.5,47.5,47.4,16700.0
2016-01-08,47.52,47.52,47.52,47.5,3000.0
2016-01-07,47.52,47.5,47.52,47.42,8400.0
2016-01-06,47.6,47.66,47.66,47.4,26500.0
2016-01-05,47.6,47.6,47.6,47.58,18200.0
2016-01-04,47.6,47.52,47.64,47.52,10600.0
2015-12-31,47.76,47.5,47.78,47.5,5100.0
2015-12-30,47.7,47.6,47.72,47.6,5500.0
2015-12-28,47.5,47.5,47.5,47.5,2300.0
2015-12-23,47.5,47.5,47.88,47.5,18700.0
2015-12-22,47.58,47.62,47.62,47.58,1000.0
2015-12-21,47.78,47.5,47.78,47.5,11200.0
2015-12-18,47.84,47.5,47.84,47.5,6300.0
2015-12-17,47.8,47.7,47.8,47.7,3700.0
2015-12-16,47.8,47.6,47.86,47.5,5300.0
2015-12-15,47.82,47.78,47.82,47.7,6500.0
2015-12-14,47.78,47.6,47.78,47.5,2000.0
2015-12-11,47.78,47.6,47.78,47.6,4100.0
2015-12-10,47.7,47.7,47.72,47.64,10500.0
2015-12-09,47.7,47.4,47.7,47.4,200.0
2015-12-08,47.78,47.7,47.8,47.4,3600.0
2015-12-07,47.8,47.7,47.8,47.4,16500.0
2015-12-04,47.7,47.6,47.7,47.4,1200.0
2015-12-03,47.74,47.74,47.74,47.5,1900.0
2015-12-02,47.8,47.6,47.8,47.52,5100.0
2015-12-01,47.5,47.7,47.7,47.5,1600.0
2015-11-30,47.9,48.1,48.12,47.9,13400.0
2015-11-27,48.1,48.1,48.1,47.92,2700.0
2015-11-26,48.08,47.8,48.08,47.8,1000.0
2015-11-25,48.08,48.12,48.12,47.54,3700.0
2015-11-24,48.1,48.14,48.16,47.5,6600.0
2015-11-23,48.12,48.2,48.24,48.08,12300.0
2015-11-20,48.2,48.2,48.22,48.18,76800.0
2015-11-19,48.8,49.0,49.0,48.8,3600.0
2015-11-18,48.82,48.0,49.1,48.0,58500.0
2015-11-17,47.72,47.42,47.72,47.4,2600.0
2015-11-16,47.7,47.6,47.7,47.46,1200.0
2015-11-13,47.76,47.74,47.76,47.74,600.0
2015-11-12,47.76,47.4,47.76,47.4,3200.0
2015-11-11,47.76,47.76,47.78,47.22,1300.0
2015-11-09,47.78,47.72,47.8,47.72,5700.0
2015-11-06,47.72,47.68,47.72,47.68,7000.0
2015-11-05,47.68,47.6,47.68,47.6,8000.0
2015-11-04,47.6,47.5,47.6,47.44,1400.0
2015-11-03,47.58,47.58,47.58,47.58,100.0
2015-10-30,47.6,47.24,47.6,47.2,1900.0
2015-10-29,47.24,47.5,47.62,47.24,6800.0
2015-10-28,47.6,47.7,47.7,47.6,2300.0
2015-10-27,47.68,47.68,47.68,47.68,1500.0
2015-10-26,47.5,47.5,47.7,47.5,26900.0
2015-10-23,47.5,47.3,47.5,47.3,14100.0
2015-10-21,47.2,47.2,47.2,47.2,3900.0
2015-10-20,47.2,47.2,47.2,47.2,200.0
2015-10-19,47.2,47.18,47.2,47.18,400.0
2015-10-16,47.1,47.3,47.3,47.1,1000.0
2015-10-15,47.3,47.2,47.3,47.2,10600.0
2015-10-13,47.3,47.3,47.3,47.2,2800.0
2015-10-12,47.3,47.02,47.3,47.02,2600.0
2015-10-09,47.2,47.02,47.2,47.02,1800.0
2015-10-08,47.12,47.02,47.12,47.0,2600.0
2015-10-07,47.12,47.12,47.12,47.0,1700.0
2015-10-06,47.12,47.0,47.12,47.0,700.0
2015-10-05,47.08,47.0,47.08,47.0,1600.0
2015-10-01,47.0,47.08,47.08,47.0,400.0
2015-09-30,47.08,47.0,47.08,46.08,1200.0
2015-09-29,47.1,47.18,47.18,47.0,2700.0
2015-09-28,47.18,47.18,47.18,47.18,1300.0
2015-09-25,47.2,47.2,47.2,47.2,100.0
2015-09-23,47.2,47.2,47.2,47.2,1500.0
2015-09-22,47.2,47.1,47.2,47.0,300.0
2015-09-21,47.3,47.3,47.3,47.3,100.0
2015-09-18,47.3,47.1,47.3,47.1,500.0
2015-09-17,47.02,47.02,47.02,47.02,300.0
2015-09-15,47.02,47.0,47.02,47.0,5500.0
2015-09-14,47.0,47.02,47.02,47.0,200.0
2015-09-11,47.0,47.0,47.02,47.0,6800.0
2015-09-09,47.02,47.0,47.02,47.0,35700.0
2015-09-08,47.0,46.88,47.0,46.88,1300.0
2015-09-07,46.88,46.88,46.88,46.88,5000.0
2015-09-04,46.88,46.86,46.88,46.12,1400.0
2015-09-03,46.12,46.8,46.8,46.12,700.0
2015-09-02,46.88,46.88,46.88,46.0,1200.0
2015-09-01,46.9,46.9,46.9,46.0,1500.0
2015-08-28,46.9,46.5,46.9,46.5,4100.0
2015-08-27,46.9,46.8,46.9,46.8,1800.0
2015-08-26,46.98,46.38,46.98,46.3,10700.0
2015-08-25,46.38,45.8,46.38,45.2,12400.0
2015-08-24,45.8,45.5,45.8,45.34,22700.0
2015-08-21,45.9,45.3,45.9,45.3,10200.0
2015-08-19,45.9,45.2,45.9,45.2,2200.0
2015-08-18,45.8,45.8,45.8,45.8,3000.0
2015-08-17,45.8,45.4,46.0,45.4,16400.0
2015-08-14,45.8,46.0,46.0,45.6,1000.0
2015-08-13,46.5,46.0,46.5,45.9,4700.0
2015-08-12,46.0,46.0,46.18,45.62,13400.0
2015-08-11,47.0,46.02,47.0,46.02,1300.0
2015-08-10,47.0,46.8,47.0,45.8,11800.0
2015-08-07,47.0,46.82,47.02,46.82,16300.0
2015-08-06,47.02,47.0,47.06,47.0,20200.0
2015-08-05,47.0,46.84,47.0,46.84,10000.0
2015-08-04,46.84,46.82,46.84,46.82,700.0
2015-08-03,46.84,46.5,46.84,46.5,12700.0
2015-07-31,46.82,46.72,46.82,46.72,6400.0
2015-07-30,46.82,46.82,46.82,46.82,31900.0
2015-07-29,46.82,46.5,46.86,46.48,24600.0
2015-07-28,46.5,46.0,46.5,46.0,900.0
2015-07-27,46.5,46.5,46.5,46.5,2200.0
2015-07-24,46.66,46.66,46.66,46.66,200.0
2015-07-23,46.66,46.7,46.7,46.06,400.0
2015-07-22,46.78,46.02,46.78,46.02,500.0
2015-07-21,46.6,45.9,46.6,45.9,3800.0
2015-07-20,46.0,45.8,46.0,45.5,2900.0
2015-07-16,45.8,45.82,45.88,45.76,8300.0
2015-07-15,45.82,45.82,45.82,45.82,100.0
2015-07-14,45.8,45.8,45.8,45.8,1100.0
2015-07-13,45.8,45.5,45.8,45.5,2000.0
2015-07-09,45.84,45.76,45.84,45.76,7800.0
2015-07-08,45.84,45.3,45.84,45.3,5200.0
2015-07-07,45.74,45.0,45.78,45.0,2900.0
2015-07-06,45.76,45.5,45.88,45.5,10800.0
2015-07-03,45.76,45.5,45.76,45.5,1200.0
2015-07-02,45.5,45.78,45.78,41.8,36600.0
2015-07-01,45.76,45.5,45.76,45.5,5500.0
2015-06-30,45.42,45.4,45.42,45.36,3500.0
2015-06-29,45.32,45.6,45.6,45.32,1100.0
2015-06-26,45.6,45.8,45.84,45.6,14700.0
2015-06-25,45.82,45.68,45.82,45.68,1600.0
2015-06-24,45.72,45.78,45.82,45.7,1400.0
2015-06-23,45.8,45.6,45.8,45.56,5700.0
2015-06-22,45.54,45.5,45.54,45.5,1800.0
2015-06-19,45.52,45.54,45.54,45.52,1200.0
2015-06-18,45.5,45.5,45.52,45.5,9000.0
2015-06-17,45.4,45.4,45.4,45.4,900.0
2015-06-16,45.5,45.3,45.5,45.3,300.0
2015-06-15,45.34,46.0,46.0,45.32,6700.0
2015-06-11,46.0,45.8,46.0,45.8,10000.0
2015-06-10,45.82,45.8,45.82,45.8,2700.0
2015-06-09,45.82,45.84,46.0,45.8,7800.0
2015-06-08,45.88,45.3,45.9,44.92,4200.0
2015-06-05,45.5,45.26,45.6,45.26,19900.0
2015-06-04,45.26,45.14,45.26,45.0,3900.0
2015-06-03,45.28,45.3,45.3,45.0,14100.0
2015-06-02,45.46,45.24,45.48,45.16,1200.0
2015-06-01,45.4,45.5,45.5,45.06,1600.0
2015-05-29,45.6,45.7,45.7,45.02,800.0
2015-05-28,45.68,45.66,45.9,45.48,10700.0
2015-05-27,45.66,45.8,45.8,44.3,69000.0
2015-05-26,46.8,47.0,47.0,46.62,3900.0
2015-05-25,47.3,47.3,47.3,47.3,200.0
2015-05-22,47.0,47.0,47.0,47.0,3100.0
2015-05-21,47.0,47.32,47.48,47.0,4100.0
2015-05-20,47.32,47.0,47.32,46.82,2700.0
2015-05-19,47.0,47.32,47.32,46.82,11400.0
2015-05-18,47.28,47.0,47.28,47.0,2200.0
2015-05-15,47.02,47.0,47.16,47.0,300.0
2015-05-13,46.82,47.0,47.0,46.82,2000.0
2015-05-12,47.32,47.0,47.32,47.0,1900.0
2015-05-11,47.0,47.1,47.3,46.6,800.0
2015-05-08,47.04,47.5,47.5,47.0,100600.0
2015-05-07,47.1,47.0,47.1,47.0,1200.0
2015-05-06,47.02,47.2,47.2,47.02,900.0
2015-05-05,47.0,47.4,47.4,46.9,4500.0
2015-04-30,47.6,47.5,47.62,47.28,5500.0
2015-04-29,47.42,47.24,47.44,47.22,1500.0
2015-04-28,47.36,47.22,48.0,47.22,4100.0
2015-04-27,47.22,47.3,47.48,47.22,1000.0
2015-04-24,47.2,48.0,48.0,46.5,11000.0
2015-04-23,48.0,47.94,48.2,47.94,19900.0
2015-04-22,48.0,47.8,48.18,47.8,41300.0
2015-04-21,47.8,47.8,47.9,47.76,30700.0
2015-04-20,47.8,47.78,47.9,47.78,44400.0
2015-04-17,47.88,47.59,47.9,47.51,11500.0
2015-04-16,47.59,47.59,47.59,47.51,2200.0
2015-04-15,47.59,47.59,47.59,47.41,2000.0
2015-04-14,47.59,47.6,47.6,47.41,1000.0
2015-04-13,47.41,47.6,47.6,47.41,5000.0
2015-04-10,47.41,47.41,47.41,47.41,300.0
2015-04-09,47.01,46.91,47.11,46.91,47100.0
2015-04-08,47.01,47.01,47.01,46.91,9300.0
2015-04-07,47.03,47.09,47.21,47.03,24800.0
2015-04-06,47.09,47.07,47.11,47.07,9300.0
2015-04-03,47.07,47.21,47.21,47.07,2200.0
2015-04-02,47.09,47.37,47.41,47.07,5800.0
2015-04-01,47.11,47.07,47.41,47.07,800.0
2015-03-31,47.19,47.13,47.19,47.13,4700.0
2015-03-30,47.13,47.01,47.41,47.01,7400.0
2015-03-27,47.09,46.81,47.21,46.81,8600.0
2015-03-25,46.72,46.72,46.72,46.72,100.0
2015-03-24,46.46,46.46,46.46,46.44,800.0
2015-03-23,46.81,46.81,46.81,46.52,4300.0
2015-03-20,46.91,46.91,47.21,46.62,1800.0
2015-03-19,46.91,46.91,46.91,46.91,200.0
2015-03-18,46.91,46.7,46.91,46.62,4300.0
2015-03-17,46.72,46.62,46.89,46.62,1600.0
2015-03-16,46.89,46.26,46.89,46.26,300.0
2015-03-13,46.72,46.91,46.93,46.72,1600.0
2015-03-12,46.93,46.93,46.93,46.93,500.0
2015-03-11,46.91,46.04,46.91,46.04,1600.0
2015-03-10,46.91,46.81,47.01,46.62,13300.0
2015-03-09,46.89,46.14,46.89,46.14,1500.0
2015-03-06,46.14,46.12,46.14,46.12,900.0
2015-03-05,46.12,46.12,46.14,46.12,1600.0
2015-03-04,46.1,46.02,46.8,46.02,500.0
2015-03-03,46.04,46.3,46.62,46.02,7300.0
2015-03-02,46.24,46.02,46.97,46.02,15000.0
